Timestamp,NAME,Registration No,Phone No,BRANCH
2025-09-25 17:25:54,Neha,24BCE6638,9788832473,CIVIL
2025-09-30 09:01:03,Ananya,24BCE9816,9229347896,EEE
2025-09-18 14:21:24,Shreya,24BCE5861,9978479835,CIVIL
2025-09-07 05:29:57,Neha,24BCE7084,9791987656,ECE
2025-09-08 13:15:07,Vivaan,24BCE6000,9476297909,CIVIL
2025-09-30 00:14:28,Karthik,24BCE9510,9483369992,MECH
2025-09-23 06:13:59,Ishita,24BCE6334,9698682477,MECH
2025-09-05 21:38:59,Sai,24BCE8032,9103857903,EEE
2025-09-06 17:30:28,Sai,24BCE7286,9261484146,ECE
2025-09-24 14:13:10,Shreya,24BCE6010,9203629848,ECE
2025-09-24 14:46:13,Divya,24BCE7849,9625654357,ECE
2025-09-17 01:38:03,Pooja,24BCE5836,9552523245,EEE
2025-09-13 11:11:50,Sai,24BCE7503,9723465276,EEE
2025-09-20 23:44:35,Ritika,24BCE5797,9656414596,CIVIL
2025-09-11 13:15:02,Sai,24BCE5952,9158411435,IT
2025-09-27 06:19:25,Karthik,24BCE9243,9639256870,EEE
2025-09-21 12:24:21,Karthik,24BCE8777,9153209705,ECE
2025-09-25 13:42:41,Ishita,24BCE8948,9284715833,MECH
2025-09-07 18:02:49,Shreya,24BCE9125,9597829443,MECH
2025-09-16 03:19:27,Sneha,24BCE7168,9403167823,EEE
2025-09-26 06:30:27,Sneha,24BCE6948,9510681236,CSE
2025-09-13 19:34:35,Ishita,24BCE8749,9558281042,MECH
2025-09-11 09:35:06,Aarav,24BCE7220,9758390831,ECE
2025-09-23 06:33:31,Neha,24BCE7456,9715630999,EEE
2025-09-19 06:36:10,Kavya,24BCE5751,9349156780,CIVIL
2025-09-08 19:32:38,Aryan,24BCE7817,9183775419,EEE
2025-09-11 21:31:24,Rohan,24BCE9916,9418528549,CSE
2025-09-10 15:29:54,Sai,24BCE8712,9167168205,EEE
2025-09-09 07:59:31,Aryan,24BCE6176,9679221860,CIVIL
2025-09-14 23:53:51,Pooja,24BCE9691,9122998344,CSE
2025-09-19 02:26:21,Karthik,24BCE7820,9890753705,EEE
2025-09-02 20:30:03,Aarav,24BCE7241,9579857245,IT
2025-09-21 13:27:28,Ananya,24BCE9759,9996243587,EEE
2025-09-09 23:15:46,Aryan,24BCE8623,9394284752,ECE
2025-09-15 20:49:46,Krishna,24BCE8056,9967923572,ECE
2025-09-12 04:49:30,Aryan,24BCE7761,9983468345,MECH
2025-09-22 06:34:12,Aryan,24BCE7683,9672442064,CSE
2025-09-01 16:54:07,Ritika,24BCE7100,9174952016,ECE
2025-09-14 17:59:36,Pooja,24BCE5587,9408044950,CIVIL
2025-09-08 21:34:18,Aryan,24BCE5329,9264582265,MECH
2025-09-24 18:42:14,Neha,24BCE5706,9510853128,CSE
2025-09-06 13:01:42,Neha,24BCE8333,9451441318,MECH
2025-09-16 03:59:07,Ritika,24BCE9464,9389922252,EEE
2025-09-05 08:55:49,Ritika,24BCE9117,9720881758,MECH
2025-09-06 19:44:03,Aarav,24BCE6561,9560821244,IT
2025-09-21 01:54:54,Priya,24BCE6090,9278285413,IT
2025-09-21 22:16:35,Pooja,24BCE8432,9677210227,MECH
2025-09-14 03:06:55,Rohan,24BCE8160,9353107760,CIVIL
2025-09-05 07:17:50,Sai,24BCE7083,9614599198,EEE
2025-09-05 14:48:45,Vihaan,24BCE9266,9336781937,IT
2025-09-01 15:11:10,Aarav,24BCE7128,9194198588,ECE
2025-09-06 19:21:58,Vivaan,24BCE6628,9951187590,IT
2025-09-17 19:43:38,Vivaan,24BCE7157,9186378529,IT
2025-09-01 16:10:00,Rohan,24BCE5062,9485683965,MECH
2025-09-06 11:46:05,Aryan,24BCE8725,9248535131,ECE
2025-09-19 00:59:12,Karthik,24BCE7842,9107341412,IT
2025-09-29 14:56:45,Vivaan,24BCE9591,9411201757,IT
2025-09-12 21:54:42,Arjun,24BCE6085,9784025531,EEE
2025-09-11 13:34:09,Ishita,24BCE8139,9990887370,ECE
2025-09-17 17:15:03,Vihaan,24BCE9743,9172029947,ECE
2025-09-12 10:04:30,Vihaan,24BCE7714,9914693366,CIVIL
2025-09-02 09:16:54,Neha,24BCE8262,9662123464,ECE
2025-09-04 22:20:36,Ananya,24BCE5390,9725391939,CSE
2025-09-22 15:12:40,Vihaan,24BCE6496,9867470175,IT
2025-09-14 03:44:32,Kavya,24BCE9620,9169809728,CSE
2025-09-30 09:28:24,Ishita,24BCE5014,9962955336,CSE
2025-09-18 00:14:04,Karthik,24BCE9697,9459588078,ECE
2025-09-15 14:32:08,Divya,24BCE7075,9992947929,CIVIL
2025-09-02 01:51:42,Ishita,24BCE9462,9211519279,ECE
2025-09-20 12:38:54,Krishna,24BCE9378,9933228120,EEE
2025-09-17 02:45:44,Sai,24BCE8941,9374213028,IT
2025-09-15 18:47:58,Aarav,24BCE6209,9454002425,EEE
2025-09-21 01:00:15,Krishna,24BCE5866,9866293276,ECE
2025-09-10 12:07:02,Priya,24BCE5639,9999091737,CSE
2025-09-18 23:00:14,Ritika,24BCE6385,9408700918,EEE
2025-09-15 05:56:49,Ananya,24BCE6686,9329539246,MECH
2025-09-03 05:39:04,Priya,24BCE5914,9546467017,MECH
2025-09-26 08:32:45,Neha,24BCE8218,9478561039,CSE
2025-09-15 15:00:39,Rohan,24BCE9749,9831112293,CIVIL
2025-09-17 04:21:36,Neha,24BCE6318,9131041482,IT
